Column1,title,airline,full_link,img,code,duration,countries,cities,description,price,schedule
0,TOKYO WINTER LIGHT UP 6 ??? 4 ??? ???????????? AirAsia X (XJ), AirAsia X (XJ),https://www.qualityexpress.co.th/tour/Japan/6094-503815-15,https://www.qualityb2bpackage.com/upload_photo/travel/16679626561.jpg, : QQGQ2NRT-XJ009, : 6 ??? 4 ???, : ???????, ????? : ???????, ?????????????????????????? ??????????????????? ???????????????????????????? ????????????? ???????????? ?????? ????????????????? ???????????????????? ?????? ????????????????????????????? ??????????? ?????????? 2???  ????????????? ?????????????????,37900,?????? 2566 - ?????? 2566 (??????????)  
1,TOKYO LIGHT UP SNOW 5D3N ???????????? Thai Airways (TG), Thai Airways (TG),https://www.qualityexpress.co.th/tour/Japan/5889-481715-15,https://www.qualityb2bpackage.com/upload_photo/travel/16679012991.jpg, : QQGQ2NRT-TG020, : 5 ??? 3 ???, : ???????, ????? : ???????,?????????????? | ?????? ????????? | ??????????????? ???????? ?????????? | ???????????? | ????????????? ???????????? | ??????????? ???? ???? ROPEWAY | ?????????????????????????? ????????????? | ??????????????? ???????? ?????????,41900,??????? 2565 (??????????)  
2,TOKYO SAKURA LIGHT UP 6 ??? 4 ??? ???????????? AirAsia X (XJ), AirAsia X (XJ),https://www.qualityexpress.co.th/tour/Japan/6095-504015-15,https://www.qualityb2bpackage.com/upload_photo/travel/1667907719.jpg, : QQGQ2NRT-XJ010, : 6 ??? 4 ???, : ???????, ????? : ???????,?????????????????????????? ??????????????????? ???????????????????????????? ????????????????????? ????????????????????? ????????????????? ???????????????????? ?????? ???????????????????????????????????????? ???????????????????????    ?????????? 2???  ????????????? ?????????????????,41900,?????? 2566 (??????????)  
3,TOKYO AUTUMN LIGHT UP 6D4N ???????????? Thai Airways (TG), Thai Airways (TG),https://www.qualityexpress.co.th/tour/Japan/5864-479415-15,https://www.qualityb2bpackage.com/upload_photo/travel/16679026861.jpg, : QQGQ2NRT-TG017, : 6 ??? 4 ???, : ???????, ????? : ???????,??????????? ???? ???? ROPEWAY | ?????? ???? ???????????????? | ????????????????????????? | ?????????????????????????? ????????????? | ??????????? | ??????????????? 5 | ????????????? | ??????????????????? ???????? ????????? | ?????? ???????????????? | ?????????? 3 ??? | ?????????? 1???,44900,????????? 2565 (??????????)  
4,OSAKA TAKAYAMA TOKYO SKI SNOW 6D4N ???????????? Thai Airways (TG), Thai Airways (TG),https://www.qualityexpress.co.th/tour/Japan/5949-487915-15,https://www.qualityb2bpackage.com/upload_photo/travel/16679024981.jpg, : QQGQ2KIX-TG017, : 6 ??? 4 ???, : ???????," ????? : ??????, ?????????",???????? 2 ??????????????? ??????? ????????? ???????? ??????? | ??????????????????? | ????????? ????? | LITTLE KYOTO ??????? ???? | ???????????????? | ??????????? ???? ROPEWAY | ??????? ?????? | ?????????????????????????? ????????????? | ???????????? | ?????????? 2 ??? | ?????????? 1 ???,52900,?????? 2566 (??????????)  
5,TAKAYAMA OSAKA  SKI WINTER 6D4N ???????????? Thai Airways (TG), Thai Airways (TG),https://www.qualityexpress.co.th/tour/Japan/5950-486415-15,https://www.qualityb2bpackage.com/upload_photo/travel/1667901250.jpg, : QQGQ2NGO-TG007, : 6 ??? 4 ???, : ???????," ????? : ???????, ??????, ?????????",??????????? Nabana no sato Winter Illumination | ?????????????????? LITTEL KYOTO ??????????? | ??????????????????? | ????????????? | ???????????? | ??????????????????? | ???????????? ??????? ???? ???????? ????????? ?????????? ?????????????? ??????? ???????? ????????? ????? ???? | JR KYOTO STATION | ????????? 1 ???,54900,?????? 2566 (??????????)  
6,HOKKAIDO ROMANTIC SNOW  6D4N ???????????? Thai Airways (TG), Thai Airways (TG),https://www.qualityexpress.co.th/tour/Japan/5963-489015-15,https://www.qualityb2bpackage.com/upload_photo/travel/16678986721.jpg, : QQGQ2CTS-TG015, : 6 ??? 4 ???, : ???????, ????? : ???????,"?????????????????????????????? | ?????????????????? ???????? ??????? | ???????????????? ??????????? | ????????????????? | ??????????????? | ?????????????????? | Shopping MITSUI OUTLET PARK SAPPORO, JR TOWER, ????????????? | ?????????? 4 ??? | ?????????? 2 ???",56900,?????? 2566 (??????????)  
7,HOKKAIDO HAKODATE SKI WINTER 6D4N  ???????????? Thai Airways (TG), Thai Airways (TG),https://www.qualityexpress.co.th/tour/Japan/5964-489115-15,https://www.qualityb2bpackage.com/upload_photo/travel/1667902047.jpg, : QQGQ2CTS-TG014, : 6 ??? 4 ???, : ???????, ????? : ???????,"???????????????? ??????????? | ????????????????????????? | ????????????????? | ??????????????? | ?????????????????? | ?????????????? | Shopping ??????? MITSUI OUTLET PARK SAPPORO, JR TOWER, ????????????? | ?????????? 2 ???",56900,?????? 2566 (??????????)  
8,TOKYO SNOW NEW YEAR 6D4N ???????????? Thai Airways (TG), Thai Airways (TG),https://www.qualityexpress.co.th/tour/Japan/5882-481115-15,https://www.qualityb2bpackage.com/upload_photo/travel/16679012161.jpg, : QQGQ2NRT-TG018, : 6 ??? 4 ???, : ???????, ????? : ???????,Hi light ?????????????????????????? ????????????? | ??????? ???? ???? ROPWAY | ??????? ????????? | ????? ????????????? | ????????????????????????? | ????????????? | ?????????????????? | ??????????? | ??????????????????? ???????? ????????? | ?????????????????????? | ?????? ???????????????? ????????? | ?????????? | ?????????? 3 ??? | ?????????? 1???,67900,??????? 2565 (??????????)  
9,OSAKA TOKYO SNOW NEW YEAR 6D4N ???????????? Thai Airways (TG), Thai Airways (TG),https://www.qualityexpress.co.th/tour/Japan/5880-480915-15,https://www.qualityb2bpackage.com/upload_photo/travel/1667899158.jpg, : QQGQ2KIX-TG015, : 6 ??? 4 ???, : ???????," ????? : ??????, ???????",??????????? Nabana no Sato Winter Illumination | ???????????? | ????????????? ?????? | ??????????? ???? ???? ROPWAY | ????????????? | ??????????? | ???????????? | ???????????????????? | ??????????????? | ??????? ????? ?????? | ??????????,68900,??????? 2565 (??????????)  
10,AOMORI SNOW MONSTER TOKYO PREMIUM   7 ??? 5 ??? ???????????? JAPAN AIRLINES (JL), JAPAN AIRLINES (JL),https://www.qualityexpress.co.th/tour/Japan/5933-485915-15,https://www.qualityb2bpackage.com/upload_photo/travel/16679028821.jpg, : QQGQ2AOJ-JL001, : 7 ??? 5 ???, : ???????," ????? : ??????????, ???????",????????????????? ???????????????? | ??????? ?????? APPI SKI RESORT | ?????????????? | ?????????? | ????????????? | ?????????????? | ?????????????? ???????????? | ???????????????? | ??????????? | ?????????????? | ????? ????? ???????? | ?????????? 3 ???,68900,?????? 2566 - ?????????? 2566 (??????????)  
11,NAGOYA TAKAYAMA OSAKA  NEW YEAR 7D5N ???????????? Thai Airways (TG), Thai Airways (TG),https://www.qualityexpress.co.th/tour/Japan/5867-479815-15,https://www.qualityb2bpackage.com/upload_photo/travel/16679011801.jpg, : QQGQ2NGO-TG006, : 7 ??? 5 ???, : ???????," ????? : ???????, ??????, ?????????",??????????? Nabana no sato Winter Illumination | ?????????????????? LITTEL KYOTO ??????????? | ??????????????????? | ????????????? | ???????????? | ??????????????????? | ???????????? ??????? ???? ???????? ????????? ?????????? ?????????????? ??????? ???????? ????????? ????? ???? | JR KYOTO STATION | ????????? 1 ???,75900,??????? 2565 (??????????)  
12,HOKKAIDO ROMANTIC SNOW NEW YEAR  6D4N  ???????????? Thai Airways (TG), Thai Airways (TG),https://www.qualityexpress.co.th/tour/Japan/6011-489615-15,https://www.qualityb2bpackage.com/upload_photo/travel/1667901365.jpg, : QQGQ2CTS-TG016, : 6 ??? 4 ???, : ???????, ????? : ???????,"?????????????????? ????????? ???? | ?????????????????????????????? | ??????????????????? | ?????????????? Sapporo White Illumination | ???????????????????????????? |?????????????????? | Shopping MITSUI OUTLET PARK SAPPORO, JR TOWER, ?????????????",77900,??????? 2565 (??????????)  
13,HOKKAIDO HAKODATE  SKI WINTER NEW YEAR 6D4N ???????????? Thai Airways (TG), Thai Airways (TG),https://www.qualityexpress.co.th/tour/Japan/5863-479115-15,https://www.qualityb2bpackage.com/upload_photo/travel/16679018641.jpg, : QQGQ2CTS-TG013, : 6 ??? 4 ???, : ???????," ????? : ??????????, ???????","??????????????????? | ????????????????????????? | ????????????????? | ??????????????? | ?????????????????? | ?????????????? | Shopping ??????? MITSUI OUTLET PARK SAPPORO, JR TOWER, ????????????? | ?????????? 2 ???",79900,??????? 2565 (??????????)  
14,FUKUOKA FREE DAY  5???3??? ???????????? Thai VietJet Air (VZ) NOV-DEC 22, Thai VietJet Air (VZ) NOV-DEC 22,https://www.qualityexpress.co.th/tour/Japan/5751-466732-32,https://www.qualityb2bpackage.com/upload_photo/travel/16630858891.jpg, : QQGS-FUK02, : 5 ??? 3 ???, : ???????, ????? : ????????,??????????????????? ????????????????????????????????????????? ??????????????????????,23999,????????? 2565 - ??????? 2565 (??????????)  
15,FUKUOKA FREE DAY V2 5???3??? ???????????? Thai VietJet Air (VZ) JAN-MAR 23, Thai VietJet Air (VZ) JAN-MAR 23,https://www.qualityexpress.co.th/tour/Japan/5752-466832-32,https://www.qualityb2bpackage.com/upload_photo/travel/16630869481.jpg, : QQGS-FUK03, : 5 ??? 3 ???, : ???????, ????? : ????????,??????????????????? ????????????????????????????????????????? ??????????????????????,24499,?????? 2566 - ?????? 2566 (??????????)  
16,FUKUOKA KUMAMOTO BEPPU 5D3N ?????????? ???????????? ???????????? Thai Vietjet (VZ), Thai Vietjet (VZ),https://www.qualityexpress.co.th/tour/Japan/5860-478632-32,https://www.qualityb2bpackage.com/upload_photo/travel/16645547981.jpg, : QQPRO-PJP70-VZ, : 5 ??? 3 ???, : ???????," ????? : ????????, ?????",| ????????????? | ???????????????| ???????? | ????????? ?????? |??????????????????????| ??????????????? | ???????????????-AEON MALL | ???? ?????????????????? | ??????? ??????? ???????????? | duty free |??????????????????,24999,????????? 2565 - ??????? 2565 (??????????)  
17,FUKUOKA KUMAMOTO BEPPU 5D3N ?????????? ???????????? ???????????? Thai Vietjet Air (VZ), Thai Vietjet Air (VZ),https://www.qualityexpress.co.th/tour/Japan/6006-493832-32,https://www.qualityb2bpackage.com/upload_photo/travel/16666292991.jpg, : QQPRO-PJP71-VZ, : 5 ??? 3 ???, : ???????," ????? : ????????, ?????????",PRO JAPAN LANDING… ????????? ???????? ???????????? VIETJET (VZ)????????? ?????????? ???????????? 5 ??? 3 ??? ???????????????????? 20 KG/????WIFI FREE ON BUS ? ?????????????????? 1 ???,24999,?????? 2566 - ?????? 2566 (??????????)  
18,FUKUOKA KUMAMOTO BEPPU 5 ??? 3 ??? ??????? ?????????????? ???????????? Aairasia (FD), Aairasia (FD),https://www.qualityexpress.co.th/tour/Japan/5848-477232-32,https://www.qualityb2bpackage.com/upload_photo/travel/16643555461.jpg, : QQTTN-FD002, : 5 ??? 3 ???, : ???????," ????? : ????????, ?????????, ??????",???????????? ???????????? ??????????????????????????? ?????????????????? 1 ?? 3 ????????????????????????????????????????? ???? ??????????????????????????????????????????????? ?????? ?????? ?????????????????????? ???????????????????????????????? ?????????????????????? ? ????????????????? ???????? ?????? ?????? ????????????????????????????????????????? ???????????????????????? ??????????? ?????????? ? ????????????? ????? ????????????????????????????? ? ??????? ????? ??????????????????????? ???? ??????????????? ?????????????????,25888,??????? 2565 (??????????)  
19,?????????...JAPAN ???????? ????? ?????? 5 ??? 3 ??? ???????????? Air Asia (FD), Air Asia (FD),https://www.qualityexpress.co.th/tour/Japan/5902-482932-32,https://www.qualityb2bpackage.com/upload_photo/travel/1665241151.jpeg, : QQBT-FUK01_FD, : 5 ??? 3 ???, : ???????, ????? : ????????,• ????????????? • ????? • ??????????????????????? •  ????????????? ???????????? ?????? • ??????? ?????? • ???????????? • DUTY FREE • ?????????? ??????????????????????  • ?????????????????????,25999,??????? 2565 - ?????? 2566 (??????????)  
20,FUKUOKA KUMAMOTO BEPPU 5D3N ??????? ??????????????? ???????????? Thai AirAsia (FD), Thai AirAsia (FD),https://www.qualityexpress.co.th/tour/Japan/5761-467832-32,https://www.qualityb2bpackage.com/upload_photo/travel/16633006511.jpg, : QQTTN-FD001, : 5 ??? 3 ???, : ???????, ????? : ????????,| ???????????? ???????????? ????????? | ?????????????????? ?????????????????? 1 ?? 3 ???????????????????????????? | ????????????? ???? ??????????????????????????????????????? | ???????? ?????? ?????? ?????????????????????? ???????????????????????? | ???????? ?????????????????????? ? ?????????????????  | ???????? ?????? ?????? ???????????????????? | ????????????????????? ????????????????????????  | ??????????? ?????????? ? ?????????????  | ????? ????????????????????????????? ? ??????? ????? ???????? | ??????????????? ???? ??????????????????????????????????????????????????????????? 1 ???,26888,????????? 2565 (??????????)  
21,?????????...JAPAN  ???? ??????? ?????? 5 ??? 3 ??? ???????????? Thai Air Asia X (XJ), Thai Air Asia X (XJ),https://www.qualityexpress.co.th/tour/Japan/5634-454132-32,https://www.qualityb2bpackage.com/upload_photo/travel/1660132119.jpeg, : QQBT-NRT27_XJ, : 5 ??? 3 ???, : ???????, ????? : ???????,"? ??????????????? ???????????? ?????????????? ?????? ???????  ? ?????! ?????????? ????????????, ????????????????  ? ??????????????????????",28999,??????? 2565 - ?????????? 2566 (??????????)  
22,TOKYO ???1 5??? 3??? ???????????? Thai Air Asia X (XJ), Thai Air Asia X (XJ),https://www.qualityexpress.co.th/tour/Japan/5899-482632-32,https://www.qualityb2bpackage.com/upload_photo/travel/1665158916.jpg, : QQGS-NRT10, : 5 ??? 3 ???, : ???????, ????? : ???????,????????? ???????????????? 5? ????????????? ???????????? ??????? ? ???????????????? ??????????????? 1 ??? ???????????????????5??????????????????????????????????????? ?????!! ???????? ????????????????YAKINIYU ????????? 1 ???,28999,????????? 2565 - ??????? 2565 (??????????)  
23,TOKYO FUJI KAWAGOE 5D3N ??????? ???? ????????? ??????????????????? ?????? (XJ),?????????? ?????? (XJ),https://www.qualityexpress.co.th/tour/Japan/5257-415132-32,https://www.qualityb2bpackage.com/upload_photo/travel/16543146711.jpg, : QQTTN-XJ018, : 5 ??? 3 ???, : ???????, ????? : ???????,| ??????? ???? ????5| ?????????????? ???? ??????? | ??????????? 6??????? ?????????| ?????????? ??????? ?????? | ???????? ??????????????| ????????? ?????????| ????????????| ???????????| ???????? ??????? | ??? 3D ??????? ??????????????| ???????????? ????????????,29888,??????? 2565 - ?????? 2566 (??????????)  
24,WINTER SNOW ??????? ???? ??? 5??? 3??? ???????????? Air Asia X  (XJ), Air Asia X  (XJ),https://www.qualityexpress.co.th/tour/Japan/5596-450132-32,https://www.qualityb2bpackage.com/upload_photo/travel/1659529650.jpg, : QQIT-JXJ11, : 5 ??? 3 ???, : ???????, ????? : ???????,??????????????-1??? ???????1??? ??????1???-?????-????????????+BBQ-??????????????-Yeti???????????2-???????????????-??????????????-????????????????????-????? ??????????-???????????????-???????????-??????????????? ??????? ???????????? Gotemba Outlets,29888,??????? 2565 - ?????? 2566 (??????????)  
25,OSAKA RED AUTUMN ??????? ??????? ???? 5 ???3 ??????????????? AirAsia X (XJ), AirAsia X (XJ),https://www.qualityexpress.co.th/tour/Japan/5812-473232-32,https://www.qualityb2bpackage.com/upload_photo/travel/1664027528.jpg, : QQIT-JXJ17, : 5 ??? 3 ???, : ???????," ????? : ??????, ???????",????????????????????????/????? 2??? ??? ????????? 1 ??? ?????!! ?????????????????????????????????? Universal Studios Japan (USJ) ???????!!???????????????????????????????????????????? ????????? Todaiji ???????????? ??????????? ????????????????? ???????????????????? ???????????? ??????????????????? ????????????? ??????????????????? ????????????????? ??????????? ??????????????? ????????????? Tombori River Cruise  ??????????????????? Kyoto Shikido ??? ?????????????????? ????????????? ???????????? ???????????,29888,????????? 2565 (??????????)  
26,Winter in Osaka ??????? ??????? ???? 5 ???3??? ??? ????????? AirAsia X (XJ), AirAsia X (XJ),https://www.qualityexpress.co.th/tour/Japan/5910-483632-32,https://www.qualityb2bpackage.com/upload_photo/travel/16653120511.jpg, : QQIT-JXJ21, : 5 ??? 3 ???, : ???????, ????? : ??????,"| ????????????????????????/????? 2??? ?????1???| ????? ???????????????Yakiniku| ????????????? | ?????????????????? | ????Lalaport Expo City | ??????? | ??????????? ????????? ???????????? | ?????????????? | ???????? | ??????????????? | ????????????? ??????| ???????????????USS???????(????????????????????2,800?) ???? ?????????????????",29888,??????? 2565 - ?????? 2566 (??????????)  
27,KAWAII KYUSHU ?????????????? 5 ??? 3 ??? ???????????? Vietjet Air  (VZ), Vietjet Air  (VZ),https://www.qualityexpress.co.th/tour/Japan/5798-471932-32,https://www.qualityb2bpackage.com/upload_photo/travel/1667311909.jpg, : QQJUBFUK4, : 5 ??? 3 ???, : ???????, ????? : ????????,| ????? (Kyushu) ????????????????????????????????  ???????? ( Fukuoka) ???????????????????????? ????????   ??????????????????   ??????????????   ????????????????????????????????????| ??? Full Service ???????????? Vietjet Air  (VZ) | ?????????????? 20 ??. ?????????????? 7 ??. ????????? ??? ???????| ????? 3-4 ??? : ??????? + ?????????????????|Amazing ???????????????????????? ? ???????????????,29900,????????? 2565 (??????????)  
28,TOKYO ????????????? ???????????? 5??? 3??? ???????????? Air Asia X (XJ), Air Asia X (XJ),https://www.qualityexpress.co.th/tour/Japan/5854-478132-32,https://www.qualityb2bpackage.com/upload_photo/travel/16645099511.jpg, : QQGS-NRT12, : 5 ??? 3 ???, : ???????, ????? : ???????,????? 1??? ???????????????????????? ????????? ??????????????? ? ????????????? ???????????? ? ?????????????????????? ? ???????????,29999,??????? 2565 - ?????? 2566 (??????????)  
29,?????????...JAPAN ???? ??????? ?????? 5 ??? 3 ??? ???????????? AirAsia X (XJ), AirAsia X (XJ),https://www.qualityexpress.co.th/tour/Japan/5937-486732-32,https://www.qualityb2bpackage.com/upload_photo/travel/1665585229.jpeg, : QQBT-NRT29_XJ, : 5 ??? 3 ???, : ???????, ????? : ???????,??????????? • ???????????? • ????????????????? • ????????????????????? Toki no Sumika,29999,??????? 2565 - ?????????? 2566 (??????????)  
30,TOKYO FUJI KAWAGOE 5D3N ??????????????????? ?????????????? ???????????? AirAsia X (XJ), AirAsia X (XJ),https://www.qualityexpress.co.th/tour/Japan/5137-403532-32,https://www.qualityb2bpackage.com/upload_photo/travel/1663403968.jpg, : QQTTN-XJ017, : 5 ??? 3 ???, : ???????, ????? : ???????,??????????????????? 5 ???????????????????????????????????????? ????? ????? ? ??????????????????????!! ???????????? ?????????????? ???? ? ?????????????? ???? ???????????????????????????????????????? ? ??????????????????????????????????????????????? ?????????????????????????????????????????? ? ??????????? ??????????? ????????? ??? ????????????,30888,????????? 2565 (??????????)  
31,OSAKA KYOTO TAKAYAMA  ??????? ?????????? ?????????????? 5???3??? ???????????? ???????????????? (XJ)  DEC-MAR 23, ???????????????? (XJ)  DEC-MAR 23,https://www.qualityexpress.co.th/tour/Japan/5493-439632-32,https://www.qualityb2bpackage.com/upload_photo/travel/1657879006.jpg, : QQTTN-XJ031, : 5 ??? 3 ???, : ???????," ????? : ??????, ?????????",????? ??????????????????? ??????????????????????????-??????????? ? ???????????? ???????????-??????!! ???????????????? ? ????????????? ??? ?????-?????????? ????????????????????????????? ? ???????????????-?? ????????????????????????? UNESCO ? ???????????-??????? ?????????????????? ???? Little Kyoto ? ?????????????? -???????? ??????? ??????????????????????????????-????????????????????? ???????????????? ? ????????-?????????????? ???????????????? -???????????? ? EXPO City ???????????????? -???????????? ?????????????? ????????????,30888,??????? 2565 - ?????? 2566 (??????????)  
32,TOKYO ?????? ?????????? 5D3N ???????????? Air asia x (XJ), Air asia x (XJ),https://www.qualityexpress.co.th/tour/Japan/5872-479332-32,https://www.qualityb2bpackage.com/upload_photo/travel/1664793476.jpg, : QQGS-NRT09, : 5 ??? 3 ???, : ???????, ????? : ???????,???????????? ??????? – ?????????????????? – ????????????? ???????????? –  ???????? ????????? ?????????     ??????????????? 5 – ???????????????? – ???????????????????? – ???????????????? ????? –???????????????????  ??????????????? – ?????????? – ???????????????? –  ?????????????  – ????? ???????????,30999,????????? 2565 - ??????? 2565 (??????????)  
33,?????????...JAPAN ???? ?????? ?????? 5 ??? 3 ??? ???????????? Thai Air Asia X (XJ), Thai Air Asia X (XJ),https://www.qualityexpress.co.th/tour/Japan/5897-482432-32,https://www.qualityb2bpackage.com/upload_photo/travel/1665154569.jpeg, : QQBT-NRT28_XJ, : 5 ??? 3 ???, : ???????, ????? : ???????,????????????????????? ???????????????????? ??????????????? * ???????????? ??????? ?????????? · ?????????????? ?????? ???????????????? ???? 5. ?????? : ??????????????? ??????????? ? ????????????????????????????? ?????????????? · ??????????,30999,????????? 2565 (??????????)  
34,RED MAPLE ??????? ???? ???????????? 5??? 3??? ???????????? Air Asia X (XJ), Air Asia X (XJ),https://www.qualityexpress.co.th/tour/Japan/5592-449732-32,https://www.qualityb2bpackage.com/upload_photo/travel/16593609611.jpg, : QQIT-JXJ10, : 5 ??? 3 ???, : ???????, ????? : ???????,-????????????????????????????????? ??? ‘’???????????????????’’ -???????!! ?????????? ?????????????????????? ?????????????????????-??????????????????????????? ?????????????????????? ??????????????? -????????????????????????????????????????? ?????????????????????-????????????????????????????????????? Gotemba premium outlets,31888,????????? 2565 (??????????)  
35,TOKYO ???????? ???????? 5???3??? ???????????? Thai Air Asia X (XJ), Thai Air Asia X (XJ),https://www.qualityexpress.co.th/tour/Japan/5900-482732-32,https://www.qualityb2bpackage.com/upload_photo/travel/16651602591.jpg, : QQGS-NRT13, : 5 ??? 3 ???, : ???????, ????? : ???????,???????????????????????????????????  ????????? ????????????  ?????????????? ???????????? ? ?????????????· ????????????????????????? ???????????????????,31999,?????? 2566 - ?????? 2566 (??????????)  
36,?????????...JAPAN ???? ?????? ?????? 5 ??? 3 ??? ???????????? AirAsia X (XJ), AirAsia X (XJ),https://www.qualityexpress.co.th/tour/Japan/5938-486832-32,https://www.qualityb2bpackage.com/upload_photo/travel/1665586470.jpeg, : QQBT-NRT30_XJ, : 5 ??? 3 ???, : ???????, ????? : ???????,??????????????????? • ?????????????? • ????????????????? ???????????????????? • ????????????????????????? • ???????????????,31999,??????? 2565 - ?????????? 2566 (??????????)  
37,Tokyo ?????????????? 5D3N ???????????? Thai Air Asia X (XJ), Thai Air Asia X (XJ),https://www.qualityexpress.co.th/tour/Japan/6012-494332-32,https://www.qualityb2bpackage.com/upload_photo/travel/16667712631.jpg, : QQGS-NRT15, : 5 ??? 3 ???, : ???????, ????? : ???????,???????????????? ??????????????? ? ?????????????????? Toki No Sumika??????????????????????????????????????????? ????????????????? ????????? ???????????????????????!! ???????? ???????????????? YAKINIYU ????????? 1 ???,31999,?????? 2566 (??????????)  
38,??????? ???? ??? ???????????? 5???3??? ???????????? Air Asia X (XJ), Air Asia X (XJ),https://www.qualityexpress.co.th/tour/Japan/5597-450232-32,https://www.qualityb2bpackage.com/upload_photo/travel/16595322581.jpg, : QQIT-JXJ12, : 5 ??? 3 ???, : ???????, ????? : ???????,-??????????????-1??? ???????1??? ??????1??? -?????-???????????????????-????????????????????????-??????????????-Yeti???????????2-???????????????-??????????????-????????????????????-???????????????-???????????-??????????????????Gotemba Outlets,32888,??????? 2565 - ?????? 2566 (??????????)  
39,OSAKA KYOTO TAKAYAMA 5D3N  ??????? ?????????? ??????????????????? ???????????? AirAsia X (XJ), AirAsia X (XJ),https://www.qualityexpress.co.th/tour/Japan/5238-413832-32,https://www.qualityb2bpackage.com/upload_photo/travel/16634042941.jpg, : QQTTN-XJ030, : 5 ??? 3 ???, : ???????, ????? : ??????,* ????? ??????????????????? ??????????????????????????* ??????!! ????????????????????????????????????? ? ?????????????* ???????? ??????? ??????????????????????????????* ????????????????????? ????????????????* ?? ????????????????????????? UNESCO ? ???????????* ??????? ?????????????????? ???? Little Kyoto ? ?????????????? * ??????????? ? ???????????? ???????????* ????????????????????? ???????????????? ? ????????* ?????????????? ???????????????? * ???????????? ? EXPO City ???????????????? * ???????????? ?????????????? ????????????,32888,????????? 2565 (??????????)  
40,TOKYO FUJI KAWASU 5D3N ??????? ????????????? ???????????? Thai AirAsia X (XJ), Thai AirAsia X (XJ),https://www.qualityexpress.co.th/tour/Japan/6071-500532-32,https://www.qualityb2bpackage.com/upload_photo/travel/16675471231.jpg, : QQTTN-XJ055, : 5 ??? 3 ???, : ???????," ????? : TOKYO, HANEDA",???????????????????? Omuro ??????? ?????????????????????????????(???????????????????) | ???????????????????????????????????????? ????????????????? | ???????????????? 360 ???? | ?????????? ??????????????????? ??????????????? | ??????!! ???????????????????????????????? ? ????? ?????? | ?????????????????????? ? ?????????????????????? |  ?????????????????????? ? ??????????? ??????????? ????????? ??? ????????????  | ????????????????????????????????????????? ???????????????????????????????? | ???????????? ?????? ??? ???????  | ???????????? ????????????????? | ??????????????????????????? 1 ???,32888,?????????? 2566 (??????????)  
41,TOKYO FUJI KAWAGOE 5D3N ??????? ???? ?????????????????????? ?????? (XJ),?????????? ?????? (XJ),https://www.qualityexpress.co.th/tour/Japan/5181-408032-32,https://www.qualityb2bpackage.com/upload_photo/travel/16529516641.jpg, : QQTTN-XJ019, : 5 ??? 3 ???, : ???????, ????? : ???????,"- ?????????????????????? ? ??????????? ??????????? ????????? ??? ???????????? - ?????????? ??????????????????? ???????????????- ???????????? ????????????????? ? ????????? ???????????????? ? ???????????????????????????????????????????????? ? ??????????- ??????!! ????????????? Sagamiko Illumination ????????????? LED ???? 6 ???????- ??????????????????? 5 ????????????????????????? ???? ??????? ? ??????????????????- ????????????????????????? ??????????????????????????????? - ???? ? ???????????? ????????????? ?  ?????????- ???????? ??????????????? ??????????? ???????????- ???????????? ????? ?????, ?????? ??? ??????? ???????????? ?????????????????? ???????? 3 ????- ???????????? ?????????????????- ??????????????????????????? 1 ???",33888,??????? 2565 - ?????? 2566 (??????????)  
42,OHAYO! OSAKA ??????? ??????? ??????? ????????? ??????????? 6??? 4??? ?????????????????????????????? (XJ),?????????????????? (XJ),https://www.qualityexpress.co.th/tour/Japan/5480-438332-32,https://www.qualityb2bpackage.com/upload_photo/travel/16575447351.jpg, : QQIT-JXJ07, : 6 ??? 4 ???, : ???????, ????? : ??????,??????? ???????????????????? ???????????????????? ??????????????????? ??????????????? -??????? ????????????????? ????????????? ????????????????????? ????????????????????? -??????????????????????????????? ?????????? LITTLE KYOTO ???????????????-???????????????????????????? Nabana no sato ?????????????????????-??????????????????????????????????????? ??????????????????????????,33888,????????? 2565 - ?????? 2566 (??????????)  
43,?????? OKAERINASAI HOKKAIDO ?????????????... ??????? ??????? ?????? ???? ??????????? 5??? 3??? ???????????? AIR ASIA X (XJ), AIR ASIA X (XJ),https://www.qualityexpress.co.th/tour/Japan/5883-480632-32,https://www.qualityb2bpackage.com/upload_photo/travel/16648989051.jpg, : QQIT-JXJ24, : 5 ??? 3 ???, : ???????, ????? : ???????,???????????????1??? ???????2???| ????? ????????????????Yakiniku ??????????????????!!| ??????????? ???????????,33888,??????? 2565 - ?????? 2566 (??????????)  
44,MUST GO!!! HOKKAIDO 5???3??? ?????????????... ??????? ??????? ?????? ???????????? AIRASIA X (XJ), AIRASIA X (XJ),https://www.qualityexpress.co.th/tour/Japan/5982-492132-32,https://www.qualityb2bpackage.com/upload_photo/travel/16664567631.jpg, : QQIT-JXJ27, : 5 ??? 3 ???, : ???????, ????? : ???????,??????????3??? | ????? ???BBQ ?????????????????? |  | ?????????????? | ??????????????? | ?????????? | ???????????Mt.Usu Ropeway ???????????????? | ????????????????,33888,?????? 2566 - ?????????? 2566 (??????????)  
45,SNOWFALL IN OSAKA  ?????????????... ??????? ???? ??????? ???? 6 ??? 4 ??? ???????????? Thai AirAsia X (XJ), Thai AirAsia X (XJ),https://www.qualityexpress.co.th/tour/Japan/6081-501732-32,https://www.qualityb2bpackage.com/upload_photo/travel/16676373411.jpg, : QQIT-JXJ29, : 6 ??? 4 ???, : ???????, ????? : ??????,"??? ??????? 1 ??? ?????????????????????/?????/???????? 2 ??? ??? ????????? 1 ??? ?????!! ?????????????????????????????????? Universal Studios Japan (USJ) ???????!! ???????????? Rokko Snow Park  ??????? ????????????? ??????????????????? ????????????  ???????????????? ????????? ???????? Kobe Harbor land ??????????????????? ??????????? ??????????????? ?????????????, Duty free, ????????? ??? ??????????????????? ''??????'' ?????????????????? ??????????????????? ??? ?????????????????????? ??????????????????",33888,?????? 2566 (??????????)  
46,OSAKA ?????????????? ?????????????????? 5???3??? ???????????? THAI AIR ASIA X (XJ), THAI AIR ASIA X (XJ),https://www.qualityexpress.co.th/tour/Japan/5652-456032-32,https://www.qualityb2bpackage.com/upload_photo/travel/16640292331.jpg, : QQGS-KIX02, : 5 ??? 3 ???, : ???????, ????? : ??????,?????????????? ?????????????????? 5D3N? ?????? ??????????????????? ? ??????????????????????????? ? ????????????????????????? ???? ? ????????????????????? ? ??????????????????????? ? ????? ! ???? ????????,33999,????????? 2565 (??????????)  
47,?????????...JAPAN ??????? ???? ?????? 5 ??? 3 ??? ???????????? Air Asia X (XJ), Air Asia X (XJ),https://www.qualityexpress.co.th/tour/Japan/6041-497332-32,https://www.qualityb2bpackage.com/upload_photo/travel/1667135837.jpeg, : QQBT-NRT01_XJ, : 5 ??? 3 ???, : ???????, ????? : ???????,??????????????????? • ????????????? • ???????????? ??????? • ?????????????????   ??????????? • ???????????????????? • ??????????? • ????????????  • ???????????????????,33999,?????????? 2566 (??????????)  
48,??????? ???? ??????????? ????????? 6??? 4??? ???????????? Air Asia X (XJ), Air Asia X (XJ),https://www.qualityexpress.co.th/tour/Japan/5618-452332-32,https://www.qualityb2bpackage.com/upload_photo/travel/16599596621.jpg, : QQIT-JXJ13, : 6 ??? 4 ???, : ???????," ????? : ???????, ?????????",? ??????????1??? ????1??? ???????????? 1??? ??????1??? ? ??????????????????????????Yakiniku???????????????? ????????????5???????????Fujiten? ???????????????? ???????????????? ?  Little Kyoto??????????? ????????? ???????????????????? ?????????????????????????? ?????????????????? Mt. Fuji Panorama Ropeway? ?????? ???????????????? ?????????????? ???????????????,34888,????????? 2565 - ?????? 2566 (??????????)  
49,TOKYO ????????????? 6???4??? ???????????? Thai Air Asia X (XJ), Thai Air Asia X (XJ),https://www.qualityexpress.co.th/tour/Japan/6039-497632-32,https://www.qualityb2bpackage.com/upload_photo/travel/16672237971.jpg, : QQGS-NRT16, : 6 ??? 4 ???, : ???????, ????? : ???????,?????????????????????????????????????????????????? ??????????????? 1 ???,34999,??????? 2565 (??????????)  
50,HOKKAIDO SAPPORO ASAHIKAWA 5???3??? ??????? ??????? ???????????? AIR ASIA X (XJ), AIR ASIA X (XJ),https://www.qualityexpress.co.th/tour/Japan/5671-458132-32,https://www.qualityb2bpackage.com/upload_photo/travel/16611816821.jpg, : QQTTN-XJ037, : 5 ??? 3 ???, : ???????, ????? : ???????,????????????????? ????????????????? ? ????????? ??????? ??????????????????????????????? ?????????????????????????? ????????????? ? ????????????????????????? ????????????? ? ???????????????????????????????? ???????????? ?????????????????????????????????????? ????????????? ???????????????????????????????????????? ? ???????????????? ???????????????? ???????????????? ??????????????????Unseen ??????? ??????????????? ????????????????????????????????????? ?????????????????????? ??????????????????????????????????? ???????????????? ? ????????????????? ????????????????????? ??????? ???????????????? ???????????? ?????????? ??????????? ????????????????????????????? ?????????????????????????? ????????? ??? ????????????????????????????????????????????????????? ???????????????????????!!! ????????????+????????????????????????,35888,??????? 2565 - ?????? 2566 (??????????)  
51,OSAKA KYOTO TAKAYAMA 6D4N ??????? ?????????? ??????? ???????????? AirAsia X (XJ), AirAsia X (XJ),https://www.qualityexpress.co.th/tour/Japan/5560-446432-32,https://www.qualityb2bpackage.com/upload_photo/travel/1663404382.jpg, : QQTTN-XJ032, : 6 ??? 4 ???, : ???????, ????? : ??????,| ????????????????????????????????????? ? ?????????????| ???????????????????????? ??????????????????????????| ???????? ??????? ??????????????????????????????| ????????????????????? ????????????????| ?? ????????????????????????? UNESCO ? ???????????| ??????? ?????????????????? ???? Little Kyoto ? ?????????????? | ??????????? ? ???????????? ???????????| ????????????????????? ???????????????? ? ????????| ?????????????? ???????????????? | ???????????? ? EXPO City ???????????????? | ???????????? ?????????????? ????????????| ????? !! ????????? Option Tour ????? Universal Studio Japan | ???? ?????????????????????? ???? ????????????????? ??????????????????,35888,????????? 2565 (??????????)  
52,OSAKA KYOTO TAKAYAMA 5??? 3??? ??????? ?????????? ??????????? ???????????? AirAsia X (XJ), AirAsia X (XJ),https://www.qualityexpress.co.th/tour/Japan/5954-488332-32,https://www.qualityb2bpackage.com/upload_photo/travel/16659273981.jpg, : QQTTN-XJ051, : 5 ??? 3 ???, : ???????, ????? : ??????,????? ??????????????????? ????????????????????????????????????? ? ???????????? ?????????????????!! ???????????????? ? ????????????? ??? ??????????????? ????????????????????????????? ? ????????????????? ????????????????????????? UNESCO ? ?????????????????? ?????????????????? ???? Little Kyoto ? ?????????????? ???????? ??????? ??????????????????????????????????????????????????? ???????????????? ? ?????????????????????? ???????????????? ???????????? ? EXPO City ???????????????? ???????????? ?????????????? ??????????????????????????????????????? 1 ???,35888,??????? 2565 - ?????????? 2566 (??????????)  
53,TOKYO FUJI 5D3N ??????? ?????????? ???????????? ???????????? Air Asia X (Xj), Air Asia X (Xj),https://www.qualityexpress.co.th/tour/Japan/5978-491032-32,https://www.qualityb2bpackage.com/upload_photo/travel/1666443627.png, : QQTTN-XJ053, : 5 ??? 3 ???, : ???????," ????? : TOKYO, HANEDA",?????????????????????? ? ??????????? ???????????? ????????? ??? ????????????| ???????????????????????? ? ???????????????????? ?????| ??????????????????? 5 ????????????????????????? ????????????????????????????| ????????????????????????? ???????????????????????????????| ???????????? ???????? ??? ??????? ???????????? ?????????????????? ???????? 3 ????| ????? ??????? 1 ??????? ?????? ????? ?????????????????????????? | ??????????????????? ???? ???????????????? ??????????????| ???????????? ?????????????????| ??????????????????????????? 1 ???,35888,?????? 2566 - ?????????? 2566 (??????????)  
54,HOKKAIDO SO GOOD 6 ??? 4 ??? ?????????????... ??????? ??????? ?????? ??????? ?????????? ???????????? AirAsia X (XJ), AirAsia X (XJ),https://www.qualityexpress.co.th/tour/Japan/6067-501432-32,https://www.qualityb2bpackage.com/upload_photo/travel/16675405031.jpg, : QQIT-JXJ28, : 6 ??? 4 ???, : ???????, ????? : ???????,?????? ?????? 1 ??? | ??????????? 1 ??? | ??????? 2 ??? | ?????!!  ???????????? Yakiniku + ?????????? + ???? + ????????????????,35888,?????? 2566 - ?????????? 2566 (??????????)  
55,TOKYO ?????? FREEDAY 6D4N ???????????? Thai Air Asia X (XJ), Thai Air Asia X (XJ),https://www.qualityexpress.co.th/tour/Japan/5959-488732-32,https://www.qualityb2bpackage.com/upload_photo/travel/16659921001.jpg, : QQGS-NRT14, : 6 ??? 4 ???, : ???????, ????? : ???????,?????????????????????????????? ? ??????????????????????????????????????????5???????????????????????????????????????????????????? 1 ???,35999,????????? 2565 (??????????)  
56,OSAKA ????????????????? 5D3N ???????????? Air Asia X (XJ), Air Asia X (XJ),https://www.qualityexpress.co.th/tour/Japan/5995-492832-32,https://www.qualityb2bpackage.com/upload_photo/travel/16665961381.jpg, : QQGS-KIX06, : 5 ??? 3 ???, : ???????, ????? : ??????,????? ????????????????????????????????????? ???????? | ????????  |  ???????????????  |  ???????????????????  |  ??????????????????? NABANA NO SATO,35999,??????? 2565 - ?????? 2566 (??????????)  
57,OSAKA KYOTO GIFU MATSUMOTO 6???4??? ??????? ??????????? ???????????? Air Asia X (XJ), Air Asia X (XJ),https://www.qualityexpress.co.th/tour/Japan/5704-461732-32,https://www.qualityb2bpackage.com/upload_photo/travel/1661959237.jpg, : QQTTN-XJ033, : 6 ??? 4 ???, : ???????, ????? : ??????,??????? ?????????????? ???????????????????!! ???????????????? ? ????????????? ??? ????????????? ??????? ???????????????????????????????????????? ????????????????????????????? ? ????????????????? ????????????????????????? UNESCO ? ?????????????????? ?????????????????? ???? Little Kyoto ? ?????????????? ??????? ?????????? ???? ????????????????????? ????????????? ??????????????????????????????????????????????????? ?????????????????????? ? ???????????????????????????????? ???????????????? ? ????????????? ??????????????? ???????? ????????????????????? ??????????? ?????????????? ???????????????? ???????????? ? EXPO City ???????????????? ???????????? ?????????????? ????????????,36888,??????? 2565 - ?????? 2566 (??????????)  
58,AUTUMN GOLDEN ROUTE ??????? ??????? ??????? ??????? 6??? 4??? ??? ????????? AIR ASIA X (XJ), AIR ASIA X (XJ),https://www.qualityexpress.co.th/tour/Japan/5807-472832-32,https://www.qualityb2bpackage.com/upload_photo/travel/1663948174.jpg, : QQIT-JXJ18, : 6 ??? 4 ???, : ???????," ????? : ???????, ??????, ???????",| ????????????????????????????????????????? ‘’???????????’’ ??????????? 5 |??????????? | ???????????? | ??????????? | ???????????????????? | ???????????????????????????? | ????????????????? | ?????????????? ???????????????????  | ???????????? | ??????????????????? | ????????????? | ?????????? ????????????????? | ??????????????? | ??????????????????? Kawaguchiko Shikido | ?????????????????? ???????????????? Gotemba outlets  | ????????????? ??? ????????????,36888,????????? 2565 (??????????)  
59,TOKYO IBARAKI SAITAMA FUJI ??????? ?????????????? 5 ??? 3 ??? ????????????? Air Asia X (XJ),???? Air Asia X (XJ),https://www.qualityexpress.co.th/tour/Japan/5847-477432-32,https://www.qualityb2bpackage.com/upload_photo/travel/1664352027.jpg, : QQTTN-XJ048, : 5 ??? 3 ???, : ???????," ????? : TOKYO, HANEDA",??????? ????????????? ??????? ????????????????????????????????????? - ??????!! ???????????????? ? ????????????? 1 ?? 3 ??????????????????????????????????? - ?? ??????????????? ???????????????????????????????????? - ??????????? ? ?????????????? ???????????? The Michelin Green Guide 1 ??? - ????????????????????????? ??????????????????? ?????????????????????????? - ???????????? ????????????????????????????????? ?????????????????? - ??????????????????? 5 ????????????????????????? - ???????????? ?????????????? ???? ? ?????????????? ???? ?????? - ????????????????????? ??????????????????? - ???????????? ????????? ???????? ??? ??????? ???????????? ?????????????????? ???????? 3 ???? - ???????????? ?????????????????,36888,????????? 2565 (??????????)  
60,TOKYO ZAO FUKUSHIMA FUJI  ??????? SNOW MONSTER 6???4??? ?????????????????????? ?????? (XJ),?????????? ?????? (XJ),https://www.qualityexpress.co.th/tour/Japan/5491-439532-32,https://www.qualityb2bpackage.com/upload_photo/travel/1657873431.jpg, : QQTTN-XJ029, : 6 ??? 4 ???, : ???????, ????? : ???????,???????????? ????????????????? ? ????????? ?.??????-?????? ?.????????  ???????????????? ??????????????????? ? ?????????-????????? ? ?????????????????? ???? ??????????????????????-???!! ??????? ????????????????????? ? ????????? ????????? ???????-??????????????????? ?????? ???? ????????????????????????? “??????????”-????????? ???????? ????????????-????????? ?.?????? ??????????????????????????? -WOW!! ????????????????????? ?? Snow Monster ???? ???????????????? -???????????????????? ? ??????????? ??????? ??????????-???????????? ?????????????????,37888,??????? 2565 - ?????? 2566 (??????????)  
61,TOKYO FUJI FREEDAY ??????? ????????????? 6???4??? ???????????? Air Asia X (XJ), Air Asia X (XJ),https://www.qualityexpress.co.th/tour/Japan/5722-463532-32,https://www.qualityb2bpackage.com/upload_photo/travel/16624757881.jpg, : QQTTN-XJ046, : 6 ??? 4 ???, : ???????, ????? : ???????,?????????????????????? ? ??????????? ??????????? ????????? ??? ???????????? ?????????? ??????????????????? ??????????????????????????? ????????????????? ? ????????? ???????????????? ? ???????????????????????????????????????????????? ? ????????????????!! ????????????? Sagamiko Illumination ????????????? LED ???? 6 ?????????????????????????? 5 ????????????????????????? ???? ?????????????????? ? ??????????????????????????????????? ? ???????????????????? ????????????????????????????????????????????????????? ???????????? ? ?????????? ?????????????????????????????????????????????????????????? ?????????????????? ???????????????????????????????? ??????????? ??????????????????????? ?? LED ????? ??????????????????????????????? ??????? 1 ??????? ?????? ????? ?????????????????????????? ??????????????????? ???? ???????????????? ?????????????????????????? ?????????????????,37888,??????? 2565 - ?????? 2566 (??????????)  
62,TOKYO OARAI FUKUSHIMA FUJI 6D4N ??????? ??????? ??? 6???4??? ???????????? AirAsia X (XJ), AirAsia X (XJ),https://www.qualityexpress.co.th/tour/Japan/5444-434432-32,https://www.qualityb2bpackage.com/upload_photo/travel/1663404110.jpg, : QQTTN-XJ022, : 6 ??? 4 ???, : ???????," ????? : ????????, ???????",?????? ???????? ??????????? ? ?????????????-???? ? ????????????????????? ????????????? ? ????????????????????-???????????????????? ???? ????????-???????????????? ??????????????????? ? ?????????-???? ? ??????????? ????????????????????????-??????? ????????????????????? ? ????????? ????????? ???????-????????????? ?????? ???? ????????????????????????? “??????????”-????????? ???????? ????????????-??????????????????? ?????????????????????????? ??? UNESCO-??????????? ? ????????????????-???????????? ?????????????????-??????????????????? 5 ?????????????????????????-????????????????????????????????? ??????????????????????-?????????????? ???? ? ?????????????? ???? ??????-?????????????????????? ? ??????????? ???????????????????????????????????? -???????????? ??????? -?? LED ????? ??????????????????????????-???????????? ?????????????????,38888,????????? 2565 (??????????)  
63,HOKKAIDO HAKODATE ASAHIKAWA 6D4N ??????? ???? ??????? ???????????? AIR ASIA X (XJ), AIR ASIA X (XJ),https://www.qualityexpress.co.th/tour/Japan/5649-455732-32,https://www.qualityb2bpackage.com/upload_photo/travel/16604739781.jpg, : QQTTN-XJ039, : 6 ??? 4 ???, : ???????," ????? : ??????????, ???????",??????!! ????????????????????????? ??????????????? ????????? ??????????? ??? ?????????????????????????????????? ????????? ????????? ?????????????????????????????????????? ?????????????????????? ???????????????????????????????????? ???????????????? ? ?????????????????? ????????????????????? ??????? ????????????????,38888,??????? 2565 - ?????? 2566 (??????????)  
64,HOKKAIDO ASAHIKAWA MONBETSU ??????? ?????????????? 5 ??? 3 ??? ?????????????????????? ?????? (XJ),?????????? ?????? (XJ),https://www.qualityexpress.co.th/tour/Japan/5687-455632-32,https://www.qualityb2bpackage.com/upload_photo/travel/1660446112.jpg, : QQTTN-XJ038, : 5 ??? 3 ???, : ???????, ????? : ???????,| ???????????????? ?????????????????????? ?????????????????????| ?????????????? ???????????????? ? ???????????| ?????? ????????????????????? ??????? ???????????????? | ???????????????? ?????????????????? ? ????????| ???????????? ????????????? ? ???????????????????| ????????????????? ????????????????? ? ????????? ??????? ??????????| ???????????????????? ? ???????????????? | ???????????? ?????????? ??????????? ????????????????????????????? ????????| ?????????????????? ????????? ??? ????????????????| ?????!! ??????????? 5-13 FEB ?????????????????????? ? ?????????| ????????????????????????????????????? ???????????????????????!!! ????????????+????????????????????????,38888,?????? 2566 - ?????? 2566 (??????????)  
65,PERFECT SNOW HOKKAIDO SAPPORO HAKODATE ?????????????... ??????? ??????? ????????? 6 ??? 4 ??? ???????????? AirAsia X (XJ), AirAsia X (XJ),https://www.qualityexpress.co.th/tour/Japan/5884-480832-32,https://www.qualityb2bpackage.com/upload_photo/travel/1664899201.jpg, : QQIT-JXJ25, : 6 ??? 4 ???, : ???????, ????? : ???????,??????????1??? ?????????1??? ???????2???| ????? ????????????????Yakiniku ?????????????????? !!| ??????????? ??????????????????? ???????????? ???????????| ????????????????| ????????????????| ???????????????| ?????????????????????| ???????????Hakodate Ropeway| ???????| ?????????? ?????????????? ???????????? | ??????????????? |???????????????,38888,??????? 2565 - ?????? 2566 (??????????)  
66,TOKYO FIJI DISNEYLAND 5D3N ??????? ?????????? 5??? ???????????? AirAsia X (XJ), AirAsia X (XJ),https://www.qualityexpress.co.th/tour/Japan/5890-481432-32,https://www.qualityb2bpackage.com/upload_photo/travel/16649882941.jpg, : QQTTN-XJ050, : 5 ??? 3 ???, : ???????," ????? : TOKYO, HANEDA",?????????????????????? ? ??????????? ???????????? ????????? ??? ????????????| ???????????????????????? ? ???????????????????? ?????| ??????????????????? 5 ????????????????????????? ????????????????????????????| ????????????????????????? ???????????????????????????????| ???????????? ???????? ??? ??????? ???????????? ?????????????????? ???????? 3 ????| ??????????????????? 1 ??????? ?????? ????? ??????????????????????????| ???????????? ?????????????????| ??????????????????????????? 1 ???,38888,??????? 2565 - ?????????? 2566 (??????????)  
67,TOKYO OSAKA ?????????????... ??????? ??????? ??????? ??????? 6 ??? 4 ??? ???????????? AirAsia X (XJ), AirAsia X (XJ),https://www.qualityexpress.co.th/tour/Japan/5892-481332-32,https://www.qualityb2bpackage.com/upload_photo/travel/16649876951.jpg, : QQIT-JXJ23, : 6 ??? 4 ???, : ???????," ????? : ??????, ???????",?????? ??????? 1 ??? ??????? 1 ??? ?????????/????? 1 ??? ????? 1 ??? | ?????!!!! ???????????? ???????????? Yakiniku + ???????????? ??????!!!| ?????????????????? “??????????????” ???????????????????????????? ??????????? | ????????????????????????????? ???????????????? ??? Kawaguchiko Shikido ?????????????????? | ??????????????????? ???????????? ???????????????? ??????????????????? ????????????? ????????? ??????????? | ?????????????????? Gotemba premium outlets ????????????? Lalaport EXPOCITY ???????????,38888,??????? 2565 - ?????? 2566 (??????????)  
68,HOKKAIDO ASAHIKAWA MONBETSU 6???4??? ??????? ?????????????? ???????????? AIR ASIA X (XJ), AIR ASIA X (XJ),https://www.qualityexpress.co.th/tour/Japan/5668-457832-32,https://www.qualityb2bpackage.com/upload_photo/travel/1661173043.jpg, : QQTTN-XJ040, : 6 ??? 4 ???, : ???????, ????? : ???????,??????!! ???????????????? ?????????????????? ? ????????????????????????? ????????????????? ? ????????? ??????? ??????????????????????????????? ?????????????????????????? ????????????? ? ????????????????????????? ????????????? ? ???????????????????????????????? ???????????? ?????????????????????????????????????? ????????????? ???????????????????????????????????????? ? ???????????????? Unseen ??????? ??????????????? ????????????????????????????????????? ?????????????????????? ??????????????????????????????????? ???????????????? ? ????????????????? ????????????????????? ??????? ???????????????? ???????????? ?????????? ??????????? ????????????????????????????? ?????????????????????????? ????????? ??? ????????????????????????????????????????????????????? ???????????????????????!!! ????????????+????????????????????????,39888,?????? 2566 - ?????????? 2566 (??????????)  
69,BEST AUTUMN OSAKA TOKYO ??????? ??????? ??????? ????????? ??????????? ??????? 6???4??? ???????????? AIR ASIA X (XJ), AIR ASIA X (XJ),https://www.qualityexpress.co.th/tour/Japan/5857-478032-32,https://www.qualityb2bpackage.com/upload_photo/travel/16645051631.jpg, : QQIT-JXJ20, : 6 ??? 4 ???, : ???????," ????? : ???????, ??????, ???????, ?????????",?????????????...??????? ??????? ??????? ????????? ??????????? ??????? 6??? 4????????? ??????? 1 ??? ?????????? 1 ??? ??????????? 1 ??? ??????? 1 ????????!! ???????????? ???????? Yakiniku ??? ???????? ?????????????????!!????????????????????????????????????????? ‘’???????????’’ ??????????? 5??????? ????????????? ??????????? ??????????????????? ???????????????? ?????????????????????????? ?????????????????????? ???????????????????????????????? ?????????????? ?????????? ???????????????? ??????????????? ??????????? ??? ???????????? Shikido Kawaguchiko,39888,????????? 2565 (??????????)  
70,WINTER SNOW OSAKA TOKYO ?????????????...??????? ??????? ??????? ????????? ??????????? ??????? 6 ??? 4 ??? ???????????? AirAsia X (XJ), AirAsia X (XJ),https://www.qualityexpress.co.th/tour/Japan/5879-480432-32,https://www.qualityb2bpackage.com/upload_photo/travel/16648961191.jpg, : QQIT-JXJ22, : 6 ??? 4 ???, : ???????," ????? : ??????, ???????",?????? ??????? 1 ??? ?????????? 1 ??? ??????????? 1 ??? ??????? 1 ???| ?????!! ???????????? ???????? Yakiniku ??? ???????? ?????????????????!!| ?????????????????????????? ?????????????????!! ????????????? ??????????? ??????????????????? | ???????????????? ?????????????????????????? ?????????????????????? ?????????????????? | ?????????????? ??????????????? ??????????? ???????????????? ??? ???????????? Shikido Kawaguchiko,39888,??????? 2565 - ?????? 2566 (??????????)  
71,OSAKA KYOTO GIFU MATSUMOTO 6??? 4??? ??????? ??????????? II ???????????? AirAsia X (XJ), AirAsia X (XJ),https://www.qualityexpress.co.th/tour/Japan/5953-488232-32,https://www.qualityb2bpackage.com/upload_photo/travel/16659190471.jpg, : QQTTN-XJ052, : 6 ??? 4 ???, : ???????, ????? : ??????,??????? ?????????????? ???????????????????!! ???????????????? ? ????????????? ??? ????????????? ??????? ???????????????????????????????????????? ????????????????????????????? ? ????????????????? ????????????????????????? UNESCO ? ?????????????????? ?????????????????? ???? Little Kyoto ? ?????????????? ??????? ?????????? ???? ????????????????????? ????????????? ??????????????????????????????????????????????????? ?????????????????????? ? ???????????????????????????????? ???????????????? ? ????????????? ??????????????? ???????? ????????????????????? ??????????? ?????????????? ???????????????? ???????????? ? EXPO City ???????????????? ???????????? ?????????????? ??????????????????????????????????????? 1 ???,39888,?????? 2566 - ?????????? 2566 (??????????)  
72,HOKKAIDO ICE BREAKER ?????????????... ??????? ??????? ?????? ?????????? 6??? 4??? ???????????? AirAsia X (XJ), AirAsia X (XJ),https://www.qualityexpress.co.th/tour/Japan/5960-488832-32,https://www.qualityb2bpackage.com/upload_photo/travel/1666250842.jpg, : QQIT-JXJ26, : 6 ??? 4 ???, : ???????," ????? : ??????????, ???????, ???????",??????????????? |??????????????????? |??????????????????????? |?????????????????? Ice Breaking Garinko |????????? ??? ???? |option ?????????????|??????????????? ?????????????????? |?????? ??????????|???????????????|????????????? 1 ??? ?????????? 1 ??? ??? ??????? 2 ??? ?????!!  ???? ???????? Yakiniku + ??????????,39888,?????????? 2566 - ?????? 2566 (??????????)  
73,HOKKAIDO SAPPORO SHIKARIBETSU  ??????? ??????????? 5???3??? ???????????? AIR ASIA X (XJ), AIR ASIA X (XJ),https://www.qualityexpress.co.th/tour/Japan/5988-460032-32,https://www.qualityb2bpackage.com/upload_photo/travel/1661602384.jpg, : QQTTN-XJ043, : 5 ??? 3 ???, : ???????, ????? : ???????,??????!! ???????????????? ???????????? ??????????????????? ?????????????????????????????? ????????? ????? ???????????????????????????? ????????????? ? ????????????????????????? ????????????? ? ???????????????????????????????? ???????????? ?????????????????????????????????????? ????????????? ???????????????????????????????????????? ? ???????????????? ?????????????????????????? ??????????????????????????????????????????? ???????????????? ? ????????????????????????????????????????? ??????????????????????????????????? ???????????????? ? ????????????????? ????????????????????? ??????? ???????????????? ???????????? ?????????? ????????? ????????????????????????????????????????????????? ???????????????????????!!! ????????????+????????????????????????,39888,?????? 2566 (??????????)  
74,Amazing Kyushu ?????????????? 6 ??? 4 ??? ???????????? Vietjet Air (VZ), Vietjet Air (VZ),https://www.qualityexpress.co.th/tour/Japan/5799-472132-32,https://www.qualityb2bpackage.com/upload_photo/travel/16638633371.jpg, : QQJUBFUK5, : 6 ??? 4 ???, : ???????," ????? : ????????, ?????",????????????? • ???????????? • ????????????????????? • ????????????? ????? • ??????????????? • ?????????????????? • ?????????????????? ????? • ??????? • ??????????????? • ???????????? The Outlets Kitakyushu ??? Aeon Mall • ???????????????????? ? ???? Lalaport • ?????????????????,39900,??????? 2565 (??????????)  
75,?????????...JAPAN  ???? ?????? ?????? 6 ??? 4 ??? ???????????? AirAsia X (XJ), AirAsia X (XJ),https://www.qualityexpress.co.th/tour/Japan/6089-502732-32,https://www.qualityb2bpackage.com/upload_photo/travel/16678049131.jpg, : QQBT-NRT22_XJ, : 6 ??? 4 ???, : ???????, ????? : ???????,,39999,??????? 2565 - ?????? 2566 (??????????)  
76,HOKKAIDO SNOW BEAR 6D4N ???????????? Air Asia X (XJ), Air Asia X (XJ),https://www.qualityexpress.co.th/tour/Japan/5994-492632-32,https://www.qualityb2bpackage.com/upload_photo/travel/1666592396.jpg, : QQGS-CTS04, : 6 ??? 4 ???, : ???????, ????? : ???????,??????????????????????? ???? 3 ???? ????????????????? | ??????????????? ??????????????????????????????????? | ?????????????????? ??????????????? 1 ???,41999,?????? 2566 - ?????? 2566 (??????????)  
77,TOKYO OSAKA SHIRAKAWA SHIZUOKA FUJI  ??????? ????????? ?????? 7???5??? ???????????? AirAsia X (XJ), AirAsia X (XJ),https://www.qualityexpress.co.th/tour/Japan/5693-460532-32,https://www.qualityb2bpackage.com/upload_photo/travel/16634044821.jpg, : QQTTN-XJ044, : 7 ??? 5 ???, : ???????," ????? : ??????, ???????, ?????????",Tokyo>>?????????????????????? ? ??????????? ???????????? ????????? ??? ???????????? ?????????? ??????????????????? ??????????????????????????? ??????? ?????????????????? ?? LED ????? ???????????????????????????????????????????????????? ? ???????????????????????????? ???????????? ????????????? ? ???????????? ??????Nagoya>> ???????? ??????? ??????????????????????????????Gifu >>?? ????????????????????????? UNESCO ? ?????????????????? ?????????????????? ???? Little Kyoto ? ??????????????Kyoto>>????? ??????????????? ???????? ????????????????????? ??????????????????? ??????????????? ??????????????????? ????? ???????????? ??????????????Osaka>>???????????????? ??????????? ?????????? ? ??????????????????????Shizuoka>>????????????????? ???????????????? ? ???????? ????? ???????????????????????? ? ?????????????? ?????????????????????????Yamanashi>>??????????????????? 5 ????????????????????????????????????????????????????????? ????????????????????????????!! ???????????? ?????????????? ???? ? ?????????????? ???? ?????????????????? ?????????????????,42888,????????? 2565 (??????????)  
78,OSAKA TOKYO ???????? ???????? 6D4N ???????????? Air Asia X (XJ), Air Asia X (XJ),https://www.qualityexpress.co.th/tour/Japan/6008-492732-32,https://www.qualityb2bpackage.com/upload_photo/travel/16665944441.jpg, : QQGS-KIX05, : 6 ??? 4 ???, : ???????," ????? : ??????, ???????",????? ???????? ???????????? ????? ????????????? | ????????? |  ???????????????  |  ????????????????????????? |  ???????????????????????  |  ???????????????????,42999,??????? 2565 - ?????????? 2566 (??????????)  
79,FUKUOKA KUMAMOTO BEPPU ??????? ??????????????? 5 ??? 3 ??? ???????????? Air Asia (FD), Air Asia (FD),https://www.qualityexpress.co.th/tour/Japan/5850-477332-32,https://www.qualityb2bpackage.com/upload_photo/travel/16643603811.jpg, : QQTTN-FD003, : 5 ??? 3 ???, : ???????, ????? : ????????,???????????? ???????????? ?????????| ?????????????????? ?????????????????? 1 ?? 3 ????????????????????????????| ????????????? ???? ???????????????????????????????????????| ???????? ?????? ?????? ?????????????????????? ????????????????????????| ???????? ?????????????????????? ? ????????????????? | ???????? ?????? ?????? ????????????????????| ????????????????????? ???????????????????????? | ??????????? ?????????? ? ????????????? | ????? ????????????????????????????? ? ??????? ????? ????????| ??????????????? ???? ???????????????| ?????????????????| ??????????????????????????? 1 ???,45888,??????? 2565 (??????????)  
80,TOKYO OSAKA SHIRAKAWA SHIZUOKA FUJI 7D5N ??????? ???????? ????????? ?????? ???????????? Thai AirAsia X (XJ), Thai AirAsia X (XJ),https://www.qualityexpress.co.th/tour/Japan/6031-496332-32,https://www.qualityb2bpackage.com/upload_photo/travel/1666938555.jpg, : QQTTN-XJ054, : 7 ??? 5 ???, : ???????," ????? : ??????, ???????",?????????????????????? ? ??????????? | ???????????? ??????? ?????????????????? ?? LED ????? ?????????????????????????? | ????????????? ? ?????????????????? | ?????????? ???????????? ????????????? ? ???????????? ?????? | ???????? ??????? ?????????????????????????????? | ?? ????????????????????????? UNESCO ? ??????????? | ??????? ?????????????????? ???? Little Kyoto ? ?????????????? | ????? ??????????????? ???????? ????????????????????? ??????????? | ???????????????? ??????????? ?????????? ? ?????????????????????? | ????????????????? ???????????????? ? ???????? ????? ???????? | ?????????????? ? ?????????????? | ?????????????????????? ? ????????????????????????? | ???????????? ?????????????????  | ??????????????????????????? 1 ???,45888,??????? 2565 (??????????)  
81,??????? ??????????? ?????? ??????? EP.2 6 ??? 4 ??? ???????????? Thai airways (TG), Thai airways (TG),https://www.qualityexpress.co.th/tour/Japan/5856-478332-32,https://www.qualityb2bpackage.com/upload_photo/travel/1664522262.jpg, : QQZGCTS-2206TG, : 6 ??? 4 ???, : ???????, ????? : ???????,???????????????????????? ???????????????????????????????????????????? ???????????????????????????!! ????????????????? 2 ???? ???????????????????????????,45990,?????? 2566 - ?????????? 2566 (??????????)  
82,?????????...JAPAN ???????? ???? ??????? 5 ??? 3 ??? ??????????????? THAI AIRWAYS (TG),??? THAI AIRWAYS (TG),https://www.qualityexpress.co.th/tour/Japan/5486-438832-32,https://www.qualityb2bpackage.com/upload_photo/travel/16577038461.jpg, : QQBT-NRT25_TG, : 5 ??? 3 ???, : ???????, ????? : ???????,| ?????????????????????? !!!| ????????????????????? ?????????????| ???????????????????? - ??????????????? | ??????????? - ?????????????| ????????????? - ???????????????| ???????????????? - ?????????????????,45999,??????? 2565 (??????????)  
83,TOKYO ??????????????? ??????????????? 5???3??? ???????????? Thai Airways  (TG), Thai Airways  (TG),https://www.qualityexpress.co.th/tour/Japan/5724-463832-32,https://www.qualityb2bpackage.com/upload_photo/travel/16653841491.jpg, : QQGS-NRT06, : 5 ??? 3 ???, : ???????, ????? : ???????,???????????? ????????????????? ???????????????????????? ?????????? ???????????????? ????????? ????????? ??????????????????????????????? ? ??????????? ????????????????????????????? ????? ????????? 1 ??? ??????????? 2 ??? ??????????????????? ???????????????,47499,????????? 2565 - ??????? 2565 (??????????)  
84,TOKYO ??????? ?????????????? 5??? 3??? ???????????? Thai Airways (TG), Thai Airways (TG),https://www.qualityexpress.co.th/tour/Japan/5888-481532-32,https://www.qualityb2bpackage.com/upload_photo/travel/16650250981.jpg, : QQGS-NRT11, : 5 ??? 3 ???, : ???????, ????? : ???????,???????????????????????????????? ?????????????????????????? ?????????????????  ???????????????????? ????????????????? ?????? ????????????? ?????????????????????? 1 ??? ??? ?????????? 2 ???,47499,??????? 2565 - ?????? 2566 (??????????)  
85,TOKYO FUKUSHIMA SENDAI IWATE 7D5N ??????? ?????????? ???????????? Thai AirAsia X (XJ), Thai AirAsia X (XJ),https://www.qualityexpress.co.th/tour/Japan/5756-467332-32,https://www.qualityb2bpackage.com/upload_photo/travel/16631457031.jpg, : QQTTN-XJ045, : 7 ??? 5 ???, : ???????, ????? : ???????,| ?????? ??????????? ?.???????? ??????????????????????????????  | ?????? ???????? ??????????? ? ????????????? | ???? ? ????????????????????? ????????????? ? ???????????????????? | ?????? ?.???????? ??????? ? ????????????????????????????? 1   | ????????? ? ?????????????????? ???? ?????????????????????? | ???????????????? ??????????????????? ? ????????? | ???!! ??????? ????????????????????? ? ????????? ????????? ??????? | ??????????????????? ?????? ???? ????????????????????????? “??????????” | ????????? ???????? ???????????? | ?????????? ?????????????? 1 ?? 3 ??????????????????????????????? | ??????????????????? ??????????? | ??????????????????????? ? ????????? ?????????????????????????????????? | ?????????????? ????????????? ??????????????????????????????????? | ????? ????????? Wanko Soba ?????????????????????????????? | ????????? ?.?????? ???????????????????????????  | WOW!! ????????????????????? ?? Snow Monster ???? ????????????????  | ???????????????????? ? ??????????? ??????? ?????????? | ??? ????????????????? ??????  | ??????????????????????????? 1 ???,47888,??????? 2565 (??????????)  
86,??????? ?????? ??????? ?????????????? 1 ??? 5 ??? 3 ??? ???????????? Thai airways (TG), Thai airways (TG),https://www.qualityexpress.co.th/tour/Japan/6040-497732-32,https://www.qualityb2bpackage.com/upload_photo/travel/1667224904.jpg, : QQZGCTS-2205TG, : 5 ??? 3 ???, : ???????, ????? : ???????,???????????? ?????????????????? ????????????????? ?????????????  ??????????????????????????????????!! ????????????????? 2 ???? ???????????????????????????????!! ?????????????????,47990,?????? 2566 - ?????? 2566 (??????????)  
87,?????????...JAPAN ??????? ???? ??????? 6 ??? 4 ??? ??????????????? THAI AIRWAYS (TG),??? THAI AIRWAYS (TG),https://www.qualityexpress.co.th/tour/Japan/5482-438532-32,https://www.qualityb2bpackage.com/upload_photo/travel/16576782861.jpg, : QQBT-KIX26_TG, : 6 ??? 4 ???, : ???????," ????? : ??????, ???????",| ???????????????????| ????????????????| ??????????? ????5| ?????????????? ??????????| ?????????????????????????| ???????????????? | ???????????????,47999,????????? 2565 - ??????? 2565 (??????????)  
88,?????????...JAPAN ??????? ??????? ????????? 5 ??? 3 ??? ???????????? Thai Airways (TG), Thai Airways (TG),https://www.qualityexpress.co.th/tour/Japan/5871-480232-32,https://www.qualityb2bpackage.com/upload_photo/travel/1664892840.png, : QQBT-KIX01_TG, : 5 ??? 3 ???, : ???????," ????? : ??????, ?????????",????????????? ?????? • ?????????????? • ?????? ??? ?? ????? ????????? ?????  ?????? • ??????????????????? • ??????????????  • ????????????? •  ???????????????????  ???????????????????  ????????????????? • ???????????????? • ????????????? •  ????????????????    ?????????????????,47999,??????? 2565 (??????????)  
89,FUKUOKA ????????-?????  NEW YEAR 6???4??? ???????????? Thai Vietjet (VZ), Thai Vietjet (VZ),https://www.qualityexpress.co.th/tour/Japan/5898-482532-32,https://www.qualityb2bpackage.com/upload_photo/travel/16651568281.jpg, : QQGS-FUK04, : 6 ??? 4 ???, : ???????, ????? : ????????,????????????? ? ??????????????? ·????????????????? ? ???????????????????????? ???????????????? ? ????????????????? ??????   ????????????? MOJIKO ??????????????????????????? ????????????????????????????????????????????,47999,??????? 2565 (??????????)  
90,HOKKAIDO ???????????????? 5 ??? 3 ???  ???????????? Thai Airways (TG), Thai Airways (TG),https://www.qualityexpress.co.th/tour/Japan/5686-459832-32,https://www.qualityb2bpackage.com/upload_photo/travel/16653728641.jpg, : QQGS-CTS01, : 5 ??? 3 ???, : ???????, ????? : ???????,| ??????????????? ????????? (TG) | ??????????????????????????????????? 30 ?.?.| ??????????????????????????????????| ??????????????????? ??????????????????? | ??????????????? SHIKISAI NO| ????????????????????????????? | ?????????????????? | ????????????????????? | ??????????????????????? | ?????????????? ????? | ?????????  ??????????? ???? ???+?????  ??????????? 2 ????,48499,??????? 2565 - ?????????? 2566 (??????????)  
91,HOKKAIDO SHIKARIBETSU ICE BREKER ??????? ??????????? 6??? 4??? ???????????? Thai Airways (TG), Thai Airways (TG),https://www.qualityexpress.co.th/tour/Japan/5776-469132-32,https://www.qualityb2bpackage.com/upload_photo/travel/16635840151.jpg, : QQTTN-TG001, : 6 ??? 4 ???, : ???????, ????? : ???????,?????????????????????? ????????????????????? / ?????????????? ???????????????? ? ??????????? / ?????? ????????????????????? ??????? ???????????????? / ?? ??????????? ????????? ???????????????????????????? / ??????!! ???????????????? ?????????????????? ? ????????????? / ???????????? ????????????? ? ??????????????????? / ?????? ????? 8 ?????????????? ? ???????????????????????? / ?????!! ??????????????????? ????????? ????? ???????????????? ??????????????????? ??????????????????? ??????????? / ?????????? ???????????? ? ??????????? / ????????????????????????????????????? ?????????????? / ???????????????????? ? ???????????????? / ???????????? ????????? ???????????????? ???????????????????????? ?????????????? ???????????? ???????????? / ?????????!!! ????????????+???? ???????????????,48888,?????? 2566 - ?????????? 2566 (??????????)  
92,HOKKAIDO SAPPORO ASAHIKAWA 7D5N ????????????????????????????????? ???????????? AirAsia X (XJ), AirAsia X (XJ),https://www.qualityexpress.co.th/tour/Japan/5870-480032-32,https://www.qualityb2bpackage.com/upload_photo/travel/16648907951.jpg, : QQTTN-XJ049, : 7 ??? 5 ???, : ???????, ????? : ???????,????????????????? ????????????????? ? ????????????? ??????????| ???????????? ????????????? ? ???????????????????| ?????? ????????????? ? ????????????????????????| ???????? ???????????? ????????????????????????????????| ?????? ????????????? ????????????????????| ???????????????????? ? ???????????????? | ???????????????? ???????????????? ??????????????????| ???????????????? ?????????????????????? ?????????????????????| ?????? ????????????????????? ??????? ???????????????? | ???????????? Mitsui Outlet Sapporo Kitahiroshima | ?????????????????? ????????? ??? ????????????????| ????????????????????????????????????? ??????????????| ?????????!!! ????????????+????????????????????????,48888,????????? 2565 - ?????????? 2566 (??????????)  
93,HOKKAIDO ASAHIKAWA MONBETSU 6???4??? ??????? ????????????????????? ???????????? AIR ASIA X (XJ), AIR ASIA X (XJ),https://www.qualityexpress.co.th/tour/Japan/5669-457932-32,https://www.qualityb2bpackage.com/upload_photo/travel/1661175178.jpg, : QQTTN-XJ042, : 6 ??? 4 ???, : ???????, ????? : ???????,??????!! ???????????????? ?????????????????? ? ????????????????????????? ????????????????? ? ????????? ??????? ??????????????????????????????? ?????????????????????????? ????????????? ? ????????????????????????? ????????????? ? ???????????????????????????????? ???????????? ?????????????????????????????????????? ????????????? ???????????????????????????????????????? ? ???????????????? Unseen ??????? ??????????????? ????????????????????????????????????? ?????????????????????? ??????????????????????????????????? ???????????????? ? ????????????????? ????????????????????? ??????? ???????????????? ???????????? ?????????? ??????????? ????????????????????????????? ?????????????????????????? ????????? ??? ?????????????????????!! ??????????????????????????? ? ????????????????? ? ?????????????????????????????????????????????? ???????????????????????!!! ????????????+????????????????????????,49888,?????????? 2566 (??????????)  
94,?????????...HOKKAIDO ??????????? ??????? ??????? 5 ??? 3 ??? ????????????Thai AIRWAYS  (TG),Thai AIRWAYS  (TG),https://www.qualityexpress.co.th/tour/Japan/5676-458632-32,https://www.qualityb2bpackage.com/upload_photo/travel/1661257823.jpeg, : QQBT-CTS01_TG, : 5 ??? 3 ???, : ???????, ????? : ???????,"?     ???????? Ningle Terrace? ??????????????? ?????????? ?????????????? ?????! ????????????????, ???????????????? 3 ????? ??????????",49899,?????? 2566 (??????????)  
95,??????? ?????? ??????????? ??????? 5 ??? 3 ??? ???????????? THAI AIRWAYS (TG), THAI AIRWAYS (TG),https://www.qualityexpress.co.th/tour/Japan/5646-455432-32,https://www.qualityb2bpackage.com/upload_photo/travel/1660381207.jpg, : QQZGCTS-2201TG, : 5 ??? 3 ???, : ???????," ????? : ??????????, ???????",| ???????????? ??????????????????????????????????? ????????????? | ????????????????????????????? ?????????????????????| ?????!! ????????????????? 2 ???? | ??????!! ???????????????? ???????????????| ?????????????????? ????????????? ???????,49990,?????? 2566 (??????????)  
96,OSAKA TOKYO ????????? ?????????????? 6???4??? ????????????????????? (TG),????????? (TG),https://www.qualityexpress.co.th/tour/Japan/5619-452632-32,https://www.qualityb2bpackage.com/upload_photo/travel/1659969051.jpg, : QQGS-KIX01, : 6 ??? 4 ???, : ???????," ????? : ??????, ???????, ?????????",???????????????????????????????????????????????????????????????????????????????? 5????????????????????????????????????????????????,49999,????????? 2565 (??????????)  
97,HOKKAIDO SAPPORO HAKODATE TOYA OTARU 6??? 4??? ????????????Thai Airways (TG),Thai Airways (TG),https://www.qualityexpress.co.th/tour/Japan/5750-466632-32,https://www.qualityb2bpackage.com/upload_photo/travel/16630712461.jpg, : QQIT-JTG01, : 6 ??? 4 ???, : ???????," ????? : ??????????, ???????",??????????? ??????????????????????????????????? ???????????????????  ??????????? ?????????????????????? Silo Observatory  ???????????????????????? ????????????????????????????????????????? Mt. Hakodate Ropeway ??? ???????? ???????????????? ????????????? ??????????????????????? ??? ????????????????????? ????????????????????????? ?????????????? ????????????????????? ?????????????????? ????????????????????? ???????????????????? ??????? ??????????????????????????? ????????????????????????? ??? ??????????????????????????????????????????????????????? Teine Ski Resort  ??????????????????????????????????????,54888,?????? 2566 (??????????)  
98,OSAKA TOKYO ?????????????????? 6 ??? 4 ??? ??????????????? (TG),??? (TG),https://www.qualityexpress.co.th/tour/Japan/5685-459732-32,https://www.qualityb2bpackage.com/upload_photo/travel/16615219141.jpg, : QQGS-KIX04, : 6 ??? 4 ???, : ???????," ????? : ??????, ???????",| ??????????????? ????????? (TG) | ??????????????????????????????????? 20 ?.?.| ??????????????????????????????????| ??????????????? | ??????????????????? | ??????????????????????????? | ??????????????? | ????????? ?????? ???????? | ??????????????????????????????? | ????????? ?????????????  ???????????????????????? ??????? YAKINIKU,54999,??????? 2565 (??????????)  
99,TOKYO ZAO FUKUSHIMA FUJI  ??????? SNOW MONSTER  NEWYEAR 6???4??? ?????????????????????? ?????? (XJ),?????????? ?????? (XJ),https://www.qualityexpress.co.th/tour/Japan/5497-440132-32,https://www.qualityb2bpackage.com/upload_photo/travel/16579574201.jpg, : QQTTN-XJ034, : 6 ??? 4 ???, : ???????," ????? : ????????, ???????",?????????????????????????????? ???????????????????????-?????????????????????? ? ??????????? ???????????? ????????? ??? ???????????? -?????????? ??????????????????? ???????????????-???????????? ??????? ?????????????????? ?? LED ????? ??????????????????????????-???????????????????????????????? ??????????????????????-?????? !!! ???????????????? ? ?????????????? -?????????????? ????????????????? ?????????????????????????????????????????-???????????? ????????????????? ? ????????? ?.??????-?????? ?.????????  ???????????????? ??????????????????? ? ?????????-????????? ? ?????????????????? ???? ??????????????????????-???!! ??????? ????????????????????? ? ????????? ????????? ???????-??????????????????? ?????? ???? ????????????????????????? “??????????”-????????? ???????? ????????????-????????? ?.?????? ??????????????????????????? -WOW!! ????????????????????? ?? Snow Monster ???? ???????????????? -???????????????????? ? ??????????? ??????? ??????????-???????????? ?????????????????,55888,??????? 2565 (??????????)  
100,HOKKAIDO ????????? 6 ??? 4 ??? ??????????????? Thai Airways (TG),?????? Thai Airways (TG),https://www.qualityexpress.co.th/tour/Japan/5705-461832-32,https://www.qualityb2bpackage.com/upload_photo/travel/16642117871.jpg, : QQGS-CTS02, : 6 ??? 4 ???, : ???????," ????? : ???????, ???????",| ???? TOYALAKE ONSEN ILLUMINATION   | ??????????????????? ??????????????????? | ??????????????? SHIKISAI NO| ????????????????????????????? | ?????????????????? | ????????????????????? | ??????????????????????? | ?????????????? ?????,55999,??????? 2565 - ?????????? 2566 (??????????)  
101,NAGOYA-FUJI BKK ?????????? 5D3N ????-?? ???????  ???????????? Thai airways (TG), Thai airways (TG),https://www.qualityexpress.co.th/tour/Japan/6086-501932-32,https://www.qualityb2bpackage.com/upload_photo/travel/16676533491.jpg, : QQGS-NGO01, : 5 ??? 3 ???, : ???????, ????? : ???????,??????????????????? - ????????? - ???????????????????????    ????????????? – ???????????????????? – ??????? - ???? NABANA NO SATO,56499,?????? 2566 (??????????)  
102,???????????? Countdown & Onsen KYUSHU 6 ??? 4 ??? ???????????? Vietjet Air (VZ), Vietjet Air (VZ),https://www.qualityexpress.co.th/tour/Japan/5797-471832-32,https://www.qualityb2bpackage.com/upload_photo/travel/16638374501.jpg, : QQJUBFUK3, : 6 ??? 4 ???, : ???????," ????? : ????????, ?????????",-??? Full Service ???????????? Vietjet Air (VZ) : ??? ??. ???? 20 ??. ????????? ??? ???????- ????? 4 ??? ? ??????????????????????????? + ??????? 1 ??? + 2 ??? ?????????????????-??????????????????????????????????????? (Kingdom of Light) ???? 13 ???????-?????????? ???? ??????? ? ??????????????????????-??????????????????? ??????????? Lucky Bag (????????) ????????????????,56900,??????? 2565 (??????????)  
103,??????? ????????? ?????? ???????  6 ??? 4 ??? ???????????? THAI AIRWAYS (TG), THAI AIRWAYS (TG),https://www.qualityexpress.co.th/tour/Japan/5647-455532-32,https://www.qualityb2bpackage.com/upload_photo/travel/1660386113.jpg, : QQZGCTS-2203TG, : 6 ??? 4 ???, : ???????, ????? : ???????,| ???????????? ???????????????????????? ??????????????????????? ?????????????????????? ???????| ?????!! ????????????????? 2 ???? | ??????!! ???????????????? ???????????????| ?????????????????? ????????????? ???????,57990,??????? 2565 - ?????? 2566 (??????????)  
104,?????? ??????? ?????? ???????? 5 ??? 4 ???  ???????????? JAPAN AIRLINES (JL), JAPAN AIRLINES (JL),https://www.qualityexpress.co.th/tour/Japan/5644-455332-32,https://www.qualityb2bpackage.com/upload_photo/travel/1660314478.jpg, : QQZGNRT-2201JL, : 5 ??? 4 ???, : ???????," ????? : ????????, ???????","| ????????????????????????????????? ?????????????? 5 ?? ????????????????| ?????????????????????? ??????????????| ???????!! ?????????????? | ?????!! ???????????? ??????????? ""????????"" ????????????| ??????!! ???????????????????? ????????",59990,????????? 2565 (??????????)  
105,???????? ?????? ???????? ???????????? ??????? 6 ??? 4 ??? ???????????? Japan Airlines (JL), Japan Airlines (JL),https://www.qualityexpress.co.th/tour/Japan/6037-495832-32,https://www.qualityb2bpackage.com/upload_photo/travel/16671379011.jpg, : QQZGAOJ-2301JL, : 6 ??? 4 ???, : ???????," ????? : ??????, ??????????, ??????","???????????????????????? ""ICE MONSTER"" ??????????????????????????????????????????????????????????????!! ???????????????? ?????????????? ""On-Yasai""??????!! ?????????????????",59990,?????? 2566 - ?????? 2566 (??????????)  
106,Hokkaido Daisuki  ???????  6 ??? 4 ??? ???????????? Thai Smile Airways (TG), Thai Smile Airways (TG),https://www.qualityexpress.co.th/tour/Japan/5802-472332-32,https://www.qualityb2bpackage.com/upload_photo/travel/16639147441.jpg, : QQJUBHOK1, : 6 ??? 4 ???, : ???????," ????? : ??????????, ???????, ???????",?????????????????? (TG) ????????????? Full Service : ?????????????? 20 ??. ?????????????? 7 ??. ????????? ??? ???????????? 4-5 ??? : 2 ??? ??????? + 2 ??? ????????????????? Daisuki ??? (??????) ??????????????????????????   ??????????????????????????????,62900,??????? 2565 (??????????)  
107,Charming Onsen Route Japan Tokyo Fukushima 6???4??? ???????????? Thai Airways (TG), Thai Airways (TG),https://www.qualityexpress.co.th/tour/Japan/5989-493132-32,https://www.qualityb2bpackage.com/upload_photo/travel/16666001851.jpg, : QQKF-KJP110611-TG, : 6 ??? 4 ???, : ???????," ????? : ????????, ???????",???????????????????????? ?????????????????????????? ??????????????????????????????????????????????????????????????????????????? ?????????????????????????????????????? ????????????????????????????????????????????????????????????????????? ????????????????????? 700 ????????????????????????????????? ???????????? ??????????????????????????????????????????????????? ??????????????????????????????????  ????? Mizunone cafe????????? ???????????????????????????????? ??????? ???????????????????????????? ROKKASEN ????????  ???  ?????  ????,62999,??????? 2565 (??????????)  
108,TOKYO-FUKUSHIMA 6D4N ???????????? ???????????? Japan Airlines (JL), ???,https://www.qualityexpress.co.th/tour/Japan/6014-494232-32,https://www.qualityb2bpackage.com/upload_photo/travel/1666880159.jpg, : QQKF-KJP110615-JL, : 6 ??? 4 ???, : ???????, ????? : ???????,?????????????? ???? | ????????????????? ??????? | ???????????????????????? | ????????? | ????????????,62999,????????? 2565 - ?????? 2566 (??????????)  
109,SENDAI AKITA FUKUSHIMA 6 ??? 4 ??? ??????? “?????????????????” ????????????????????????????????? 2566  ???????????? Thai Airways (TG), Thai Airways (TG),https://www.qualityexpress.co.th/tour/Japan/5952-488132-32,https://www.qualityb2bpackage.com/upload_photo/travel/16659166481.jpg, : QQTTN-TG002, : 6 ??? 4 ???, : ???????, ????? : ?????,?????????????? ?????????????????????? ? ??????????????????????????????????? ??????????? ??????????? ???????????????????????????????????????????????????????????????? ??????????????????? ????????????????????????????????????? ????????????? ???? ?????????? ????????? ???????????????????????????????????????????????????????????????????????????????????????? ?????????? ?????????????????? ????????? ?????????????? ???? ???????????????????????????? ????????????????? ? ??????????????????????????????? ?????????? ? ??????????,65888,??????? 2565 (??????????)  
110,Expecting Osaka Urashima 6 ??? 4 ??? ??????????????? (TG),??? (TG),https://www.qualityexpress.co.th/tour/Japan/5264-416632-32,https://www.qualityb2bpackage.com/upload_photo/travel/16665988711.jpg, : QQKF-KJP120611-TG, : 6 ??? 4 ???, : ???????, ????? : ??????,- ???????????????? ??????????????????????????????????????????- ????? !!! ??? Urashima Hotel ??????????????????? ???????????????????????? ???????????????????????????????????- ????????????????? ???????????????????????????? ?????? ???????????????? ???? ???? ??????? ??????????????? (?????????????????????????),65999,????????? 2565 - ??????? 2565 (??????????)  
111,?????????...JAPAN ??????? ??????????? ??????? ???????????? 6 ??? 4 ??? Thai Airways (TG), 6 ??? 4 ??? Thai Airways (TG),https://www.qualityexpress.co.th/tour/Japan/6036-497032-32,https://www.qualityb2bpackage.com/upload_photo/travel/16671352881.jpg, : QQBT-CTS02_TG, : 6 ??? 4 ???, : ???????, ????? : ???????,?????????????? • ??????????? • ?????????? • ???????????????????? • ???????????????? • ??????????? • ????? ?????,65999,?????????? 2566 (??????????)  
112,KIREI HILIGHT AUTUMN KYOTO TOKYO  7 ??? 5 ??? ???????????? JAPAN AIRLINES (JL), JAPAN AIRLINES (JL),https://www.qualityexpress.co.th/tour/Japan/5917-484432-32,https://www.qualityb2bpackage.com/upload_photo/travel/1665329498.jpg, : QQB2B1101, : 7 ??? 5 ???, : ???????," ????? : ???????, ??????, ???????",?????????????????????????????????? ??????? ??????? ???? ????????????????? / ???????????? / ??????????? / ????????????? / ??????????? / ????????????????? ???????????? / ???????????????????????????? / ??????????? / ?????????? / ??????????????????????????????? / ????????????????????  / ??????????? /  ??????? / ????????????????????????????????????????????? / ??????????? / JAL ??????? 23*2 ?? ??? 46 ????????? 2 ??? / ??????? 1 ??? / ?????? 1 ??? / ??????? 1 ???,67900,????????? 2565 (??????????)  
113,EXTREME USJ-TAKAYAMA TOKYO 7 ??? 5 ??? ???????????? JAPAN AIRLINES (JL), JAPAN AIRLINES (JL),https://www.qualityexpress.co.th/tour/Japan/5913-483932-32,https://www.qualityb2bpackage.com/upload_photo/travel/16653198341.jpg, : QQB2B1203, : 7 ??? 5 ???, : ???????," ????? : ???????, ??????, ???????, ?????????",?????????? UNIVERSAL STUDIO / ??????? / ??????????? / ???????????????????/ ?????????????????????????????????????????? / ??????????????????? / ????????????????????????????????????????? / ???????????????? / ??????????? /  ??????? ????????????????????????????????? / ???????????????????? / ??????????? /??????? 1 ??? / ??????? 1 ??? / ?????? 1 ??? / ??????? 2 ??? / JAL ??????? 46 ????,69900,??????? 2565 (??????????)  
114,CELEBRATE USJ TAKAYAMA TOKYO 7 ??? 5 ??? ???????????? JAPAN AIRLINES (JL), JAPAN AIRLINES (JL),https://www.qualityexpress.co.th/tour/Japan/5916-484232-32,https://www.qualityb2bpackage.com/upload_photo/travel/1665325844.jpg, : QQB2B1204, : 7 ??? 5 ???, : ???????," ????? : ???????, ??????, ???????, ?????????",?????????? UNIVERSAL STUDIO + ???????? ROKKASEN / ??????????? / ???????? / ?????????????????????????????? / ??????????????????? / ????????? / ?????????????? / ???????????????????????????????? ? ?????? / ???????????????????? / ??????????? / ????????????????????????????????? ??????? 1 ??? / ??????? 1 ??? / ??????????????? 1 ??? / ??????? 2 ??? / ?????????????? 46 ????,75900,??????? 2565 (??????????)  
115,YUKI NIKKO FUKUSHIMA SENDAI TOKYO 6D 5N (???????-???????) ???????????? Japan Airlines (JL), Japan Airlines (JL),https://www.qualityexpress.co.th/tour/Japan/6009-493932-32,https://www.qualityb2bpackage.com/upload_photo/travel/16667035741.jpg, : QQB2B1202, : 6 ??? 5 ???, : ???????," ????? : ????????, ?????, ???????","???????????, ????????, ?????????, ????????, ?????, ??????, ???????, ?????????????????????, ??????????????????, ??????????????????????????, ?????????????????, ????????????????????????????, ????????????????????, Mitsui Outlet Park Sendai, ????????????????? ??????????, ??????????????????????, ??????????, ?????????????, ????????????, ??????????????????, ??????, ?????????????,",75900,??????? 2565 (??????????)  
116,HOKKAIDO AKEMASHITE NEWYEAR  8 ??? 5 ??? ???????????? JAPAN AIRLINES (JL), JAPAN AIRLINES (JL),https://www.qualityexpress.co.th/tour/Japan/5766-468532-32,https://www.qualityb2bpackage.com/upload_photo/travel/16643642391.jpg, : QQB2B1201, : 8 ??? 5 ???, : ???????, ????? : ???????,| ????????????????| ??????????????????????????? 1 ?? 3 ??????????????????| ????????????????????????????????????????????| ??????????????????????????| ????????????? ILLUMINATION| ???????????????????????????| ?????????? ?????????????????| ?????...???????????????  | ??? Snow Shoes ??????????| ??? Snow Mobile ??????????| ???? Snow Rafting ????????| ????????????????????????????????| **??????????????????????? 1 ???????? COUNTDOWN ? ??????????????**| ?????????????????????| Hill Of Buddha| ???????????????????| Mitsui OutletBY JAL,77900,??????? 2565 (??????????)  
117,SENDAI AKITA FUKUSHIMA 6D4N ??????? Business “?????????????????” ????????????????????????????????? 2566 ???????????? Thai Airways (TG), Thai Airways (TG),https://www.qualityexpress.co.th/tour/Japan/6007-491332-32,https://www.qualityb2bpackage.com/upload_photo/travel/16666804711.jpg, : QQTTN-TG003, : 6 ??? 4 ???, : ???????," ????? : ??????, ????????, ?????",??????????????????????????????? – ???????????????????? - ?????????????????????????? - ???????????? ????????????? – ???????????????????? – ?????????????????????????,95888,??????? 2565 (??????????)  
